StartPos;EndPos;TODOBD;Patogenico;Patogenico2;PopPoly;Indefinido;;
973;973;TODOBD;Patogenico;Patogenico2;;;;
309;309;TODOBD;;;;;;
324;324;TODOBD;;;;;;
322;322;TODOBD;;;;;;
323;323;TODOBD;;;;;;
343;343;TODOBD;;;;;;
344;344;TODOBD;;;;;;
357;357;TODOBD;;;PopPoly;;;
357;357;TODOBD;;;;;;
356;356;TODOBD;Patogenico;Patogenico2;;;;
356;356;TODOBD;;;;;;
355;355;TODOBD;;;PopPoly;Indefinido;;
356;356;TODOBD;;;;;;
381;381;TODOBD;;;;;;
380;380;TODOBD;Patogenico;Patogenico2;;;;
380;380;TODOBD;;;;;;
379;379;TODOBD;;;;;;
390;390;TODOBD;;;;;;
404;404;TODOBD;;;;;;
403;403;TODOBD;Patogenico;Patogenico2;;;;
444;444;TODOBD;;;;;;
443;443;TODOBD;;Patogenico2;;;;
495;495;TODOBD;;;;;;
494;494;TODOBD;;;;;;
514;514;TODOBD;;;;;;
645;645;TODOBD;;;;;;
644;644;TODOBD;;;;;;
657;657;TODOBD;;;;;;
655;655;TODOBD;;;;;;
656;656;TODOBD;Patogenico;Patogenico2;;;;
705;705;TODOBD;;;PopPoly;;;
704;704;TODOBD;;;;;;
713;713;TODOBD;;;;;;
755;755;TODOBD;;;;;;
763;763;TODOBD;;;;;;
784;784;TODOBD;;;;;;
785;785;TODOBD;;;;;;
819;819;TODOBD;;;;;;
817;817;TODOBD;;;;;;
818;818;TODOBD;;;;;;
828;828;TODOBD;;;;;;
828;828;TODOBD;;;;;;
827;827;TODOBD;;;;;;
826;826;TODOBD;;;;;;
842;842;TODOBD;;;;;;
841;841;TODOBD;;;PopPoly;;;
841;841;TODOBD;;;PopPoly;;;
842;842;TODOBD;Patogenico;Patogenico2;PopPoly;;;
852;852;TODOBD;;;PopPoly;;;
850;850;TODOBD;;;;;;
858;858;TODOBD;;;;;;
857;857;TODOBD;Patogenico;Patogenico2;;;;
861;861;TODOBD;;;PopPoly;;;
861;861;TODOBD;;;;;;
861;861;TODOBD;;;;;;
864;864;TODOBD;;;;;;
862;862;TODOBD;;;;;;
84;84;TODOBD;;;;;;
82;82;TODOBD;;;;;;
87;87;TODOBD;;;;;;
87;87;TODOBD;;;;;;
87;87;TODOBD;;;;;;
85;85;TODOBD;;;;;;
906;906;TODOBD;;;;;;
905;905;TODOBD;;;;;;
905;905;TODOBD;;;PopPoly;;;
90;90;TODOBD;;;;;;
89;89;TODOBD;;;;;;
88;88;TODOBD;;;;;;
969;969;TODOBD;;;;;;
968;968;TODOBD;;;;;;
967;967;TODOBD;Patogenico;Patogenico2;;;;
104;104;TODOBD;;;;;;
117;117;TODOBD;;;;;;
116;116;TODOBD;;;;;;
126;126;TODOBD;;;;;;
124;124;TODOBD;Patogenico;Patogenico2;PopPoly;;;
147;147;TODOBD;;;;;;
163;163;TODOBD;;;;;;
170;170;TODOBD;;;;;;
169;169;TODOBD;;;;;;
169;169;TODOBD;;;;;;
183;183;TODOBD;;;;;;
182;182;TODOBD;;;;;;
182;182;TODOBD;;;;;;
189;189;TODOBD;;;;;;
188;188;TODOBD;;;;;;
187;187;TODOBD;;;;;;
188;188;TODOBD;Patogenico;Patogenico2;;;;
16;16;TODOBD;;;;;;
17;17;TODOBD;Patogenico;Patogenico2;;;;
211;211;TODOBD;;;;;;
238;238;TODOBD;;;;;;
249;249;TODOBD;;;PopPoly;;;
249;249;TODOBD;;;;;;
248;248;TODOBD;;;;;;
247;247;TODOBD;;;;;;
255;255;TODOBD;;;;;;
262;262;TODOBD;;;;;;
273;273;TODOBD;;;;;;
271;271;TODOBD;;;;;;
288;288;TODOBD;;;;;;
287;287;TODOBD;;;;;;
342;342;TODOBD;;;;;;
340;340;TODOBD;Patogenico;Patogenico2;;;;
340;340;TODOBD;Patogenico;Patogenico2;;;;
342;342;TODOBD;;;;;;
577;577;TODOBD;;;;;;
578;578;TODOBD;;;;;;
792;792;TODOBD;Patogenico;Patogenico2;;;;
790;790;TODOBD;;;;;;
791;791;TODOBD;;;;;;
809;809;TODOBD;;;;Indefinido;;
138;138;TODOBD;;;;;;
138;138;TODOBD;Patogenico;Patogenico2;;;;
244;244;TODOBD;Patogenico;Patogenico2;;;;
245;245;TODOBD;;;;;Polimorfismo;
301;301;TODOBD;;;;;Polimorfismo;
384;384;TODOBD;;;;;Polimorfismo;
382;382;TODOBD;;;;;Polimorfismo;
382;382;TODOBD;;;;;Polimorfismo;
506;506;TODOBD;;;;;Polimorfismo;
505;505;TODOBD;;;;;Polimorfismo;
47;47;TODOBD;;;;;;
48;48;TODOBD;;;;;;
46;46;TODOBD;Patogenico;Patogenico2;;;;
597;597;TODOBD;;;;;;
677;677;TODOBD;;;;;;
676;676;TODOBD;Patogenico;Patogenico2;;;;
697;697;TODOBD;;;;;;
897;897;TODOBD;;;;;;
896;896;TODOBD;Patogenico;Patogenico2;;;;
325;325;TODOBD;Patogenico;Patogenico2;PopPoly;;;
325;325;TODOBD;;;;;;
326;326;TODOBD;Patogenico;Patogenico2;;;;
336;336;TODOBD;;;;;;
369;369;TODOBD;;;;;;
367;367;TODOBD;;;;;;
377;377;TODOBD;;;;;;Poblacional
378;378;TODOBD;;;;;;Poblacional
377;377;TODOBD;Patogenico;Patogenico2;;;;Poblacional
391;391;TODOBD;;Patogenico2;;;;Poblacional
392;392;TODOBD;;;;;;Poblacional
456;456;TODOBD;;;;;;Poblacional
456;456;TODOBD;;;;;;Poblacional
454;454;TODOBD;;;;;;Poblacional
462;462;TODOBD;;;;;;Poblacional
461;461;TODOBD;Patogenico;Patogenico2;;;;Poblacional
460;460;TODOBD;;;;;;Poblacional
499;499;TODOBD;Patogenico;Patogenico2;;;;Poblacional
501;501;TODOBD;;;;;;Poblacional
499;499;TODOBD;Patogenico;Patogenico2;;;;Poblacional
608;608;TODOBD;;;;;;Poblacional
609;609;TODOBD;;;;;;Poblacional
608;608;TODOBD;;;;;;Poblacional
63;63;TODOBD;;;PopPoly;;;Poblacional
61;61;TODOBD;;;PopPoly;Indefinido;;Poblacional
96;96;TODOBD;;;;;;Poblacional
94;94;TODOBD;Patogenico;Patogenico2;;;;Poblacional
95;95;TODOBD;Patogenico;Patogenico2;;;;Poblacional
114;114;TODOBD;;;PopPoly;;;Poblacional
112;112;TODOBD;;;;;;Poblacional
162;162;TODOBD;;;;;;Poblacional
160;160;TODOBD;Patogenico;Patogenico2;;;;Poblacional
161;161;TODOBD;;;;;;Poblacional
180;180;TODOBD;;;PopPoly;;;Poblacional
178;178;TODOBD;;;;;;Poblacional
202;202;TODOBD;Patogenico;Patogenico2;;;;Poblacional
214;214;TODOBD;Patogenico;Patogenico2;;;;Poblacional
36;36;TODOBD;;;;;;Poblacional
35;35;TODOBD;;;;;;Poblacional
34;34;TODOBD;;;;;;Poblacional
435;435;TODOBD;;;;;;Poblacional
434;434;TODOBD;Patogenico;Patogenico2;;;;Poblacional
469;469;TODOBD;;;;;;Poblacional
558;558;TODOBD;;;;;;Poblacional
557;557;TODOBD;Patogenico;Patogenico2;;;;Poblacional
876;876;TODOBD;;;;;;Poblacional
876;876;TODOBD;;;;;;Poblacional
874;874;TODOBD;;;;;;Poblacional
885;885;TODOBD;;;;;;Poblacional
885;885;TODOBD;;;;;;Poblacional
885;885;TODOBD;;;PopPoly;;;Poblacional
152;152;TODOBD;;;;;;Poblacional
151;151;TODOBD;Patogenico;Patogenico2;;;;Poblacional
257;257;TODOBD;;;;;;Poblacional
617;617;TODOBD;;;;;;Poblacional
618;618;TODOBD;;;;;;Poblacional
680;680;TODOBD;;;;;;Poblacional
681;681;TODOBD;;;;;;Poblacional
695;695;TODOBD;;;;;;Poblacional
694;694;TODOBD;Patogenico;Patogenico2;;;;Poblacional
725;725;TODOBD;;;;;;Poblacional
726;726;TODOBD;;;;;;Poblacional
724;724;TODOBD;;;;;;Poblacional
724;724;TODOBD;;;;;;Poblacional
746;746;TODOBD;;;;;;Poblacional
745;745;TODOBD;;;;;;Poblacional
772;772;TODOBD;;;;;;Poblacional
772;772;TODOBD;;;;;;Poblacional
780;780;TODOBD;;;;;;Poblacional
801;801;TODOBD;;;;;;Poblacional
799;799;TODOBD;;;;;;Poblacional
799;799;TODOBD;;;;;;Poblacional
831;831;TODOBD;;;;;;Poblacional
829;829;TODOBD;;;;;;Poblacional
829;829;TODOBD;;;;;;Poblacional
887;887;TODOBD;;;;;;Poblacional
886;886;TODOBD;;;;;;Poblacional
893;893;TODOBD;;;;;;Poblacional
921;921;TODOBD;;;PopPoly;;;Poblacional
919;919;TODOBD;Patogenico;Patogenico2;;;;Poblacional
941;941;TODOBD;;;;;;Poblacional
941;941;TODOBD;;;;;;Poblacional
942;942;TODOBD;;;;;;Poblacional
942;942;TODOBD;;;;;;Poblacional
93;93;TODOBD;;;PopPoly;;;Poblacional
91;91;TODOBD;;;;;;Poblacional
92;92;TODOBD;;;;;;Poblacional
958;958;TODOBD;Patogenico;Patogenico2;;;;Poblacional
173;173;TODOBD;;;;;;Poblacional
221;221;TODOBD;;;;;;Poblacional
222;222;TODOBD;;;;;;Poblacional
957;957;TODOBD;;;;;;Poblacional
956;956;TODOBD;;;;;;Poblacional
49;49;TODOBD;;;;;;Poblacional
550;550;TODOBD;;;;Indefinido;;Poblacional
552;552;TODOBD;;;;;;Poblacional
552;552;TODOBD;Patogenico;Patogenico2;;;;Poblacional
654;654;TODOBD;;;;;;Poblacional
653;653;TODOBD;;;;;;Poblacional
923;923;TODOBD;;;;;;Poblacional
961;961;TODOBD;;;;;;Poblacional
312;312;TODOBD;;;;;;Poblacional
353;353;TODOBD;Patogenico;Patogenico2;;;;Poblacional
370;370;TODOBD;;;;;;Poblacional
371;371;TODOBD;Patogenico;Patogenico2;;;;Poblacional
419;419;TODOBD;;;;;;Poblacional
474;474;TODOBD;;;;;;Poblacional
44;44;TODOBD;Patogenico;Patogenico2;;;;Poblacional
528;528;TODOBD;;;;;;Poblacional
547;547;TODOBD;Patogenico;Patogenico2;;;;Poblacional
549;549;TODOBD;;;;Indefinido;;Poblacional
549;549;TODOBD;;;;Indefinido;;Poblacional
548;548;TODOBD;;;;;;Poblacional
574;574;TODOBD;Patogenico;Patogenico2;;;;Poblacional
576;576;TODOBD;;;;;;Poblacional
575;575;TODOBD;Patogenico;Patogenico2;;;;Poblacional
575;575;TODOBD;Patogenico;Patogenico2;;;;Poblacional
582;582;TODOBD;;;;;;Poblacional
581;581;TODOBD;Patogenico;Patogenico2;;;;Poblacional
682;682;TODOBD;;;;;;Poblacional
683;683;TODOBD;;;;;;Poblacional
156;156;TODOBD;;;;;;Poblacional
154;154;TODOBD;;;;;;Poblacional
241;241;TODOBD;;;;;;Poblacional
243;243;TODOBD;;;;;;Poblacional
347;347;TODOBD;;;;;;Poblacional
366;366;TODOBD;;;;;;Poblacional
365;365;TODOBD;Patogenico;Patogenico2;;;;Poblacional
430;430;TODOBD;;;;;;Poblacional
432;432;TODOBD;;;;;;Poblacional
431;431;TODOBD;Patogenico;Patogenico2;PopPoly;;;Poblacional
431;431;TODOBD;;;;;;Poblacional
457;457;TODOBD;;;;;;Poblacional
458;458;TODOBD;;;;;;Poblacional
487;487;TODOBD;;;;;;Poblacional
488;488;TODOBD;;;;;;Poblacional
488;488;TODOBD;Patogenico;Patogenico2;PopPoly;;;Poblacional
511;511;TODOBD;;;;;;Poblacional
512;512;TODOBD;Patogenico;Patogenico2;;;;Poblacional
512;512;TODOBD;;Patogenico2;;;;Poblacional
606;606;TODOBD;;;PopPoly;;;Poblacional
604;604;TODOBD;;;;;;Poblacional
605;605;TODOBD;;;;;;Poblacional
604;604;TODOBD;;;;;;Poblacional
612;612;TODOBD;;;;;;Poblacional
611;611;TODOBD;;;;;;Poblacional
621;621;TODOBD;;;;;;Poblacional
60;60;TODOBD;;;;;;Poblacional
59;59;TODOBD;;;;;;Poblacional
667;667;TODOBD;;;;;;Poblacional
691;691;TODOBD;;;;;;Poblacional
898;898;TODOBD;;;;;;Poblacional
97;97;TODOBD;;;;;;Poblacional
111;111;TODOBD;;;;;;Poblacional
143;143;TODOBD;;;;;;Poblacional
196;196;TODOBD;;;;;;Poblacional
207;207;TODOBD;;;;;;Poblacional
206;206;TODOBD;Patogenico;Patogenico2;;;;Poblacional
206;206;TODOBD;;;;;;Poblacional
205;205;TODOBD;;;;;;Poblacional
217;217;TODOBD;;;;;;Poblacional
21;21;TODOBD;;;;;;Poblacional
21;21;TODOBD;;;;;;Poblacional
20;20;TODOBD;Patogenico;Patogenico2;;;;Poblacional
19;19;TODOBD;;;;;;Poblacional
385;385;TODOBD;;;;;;Poblacional
387;387;TODOBD;;;;;;Poblacional
564;564;TODOBD;Patogenico;Patogenico2;;;;Poblacional
55;55;TODOBD;Patogenico;Patogenico2;;;;Poblacional
56;56;TODOBD;Patogenico;Patogenico2;;;;Poblacional
738;738;TODOBD;Patogenico;Patogenico2;;;;Poblacional
737;737;TODOBD;;;;;;Poblacional
753;753;TODOBD;;;;;;Poblacional
752;752;TODOBD;;;;;;Poblacional
867;867;TODOBD;;;;;;Poblacional
869;869;TODOBD;;;;;;Poblacional
872;872;TODOBD;Patogenico;Patogenico2;;;;Poblacional
872;872;TODOBD;;;;;;Poblacional
880;880;TODOBD;Patogenico;Patogenico2;;;;Poblacional
882;882;TODOBD;;;;;;Poblacional
903;903;TODOBD;;;;;;Poblacional
903;903;TODOBD;;;;;;
903;903;TODOBD;;;;;;
298;298;TODOBD;;;PopPoly;;;
300;300;TODOBD;;;;;;
298;298;TODOBD;;;;;;
318;318;TODOBD;;;;;;
317;317;TODOBD;;;;;;
33;33;TODOBD;;;;;;
399;399;TODOBD;;;;;;
397;397;TODOBD;Patogenico;Patogenico2;;;;
421;421;TODOBD;Patogenico;Patogenico2;;;;
422;422;TODOBD;;;;;;
423;423;TODOBD;;;;;;
422;422;TODOBD;;;;;;
497;497;TODOBD;;;;;;
498;498;TODOBD;;;;;;
622;622;TODOBD;;;;;;
626;626;TODOBD;Patogenico;Patogenico2;;;;
626;626;TODOBD;;;;;;
632;632;TODOBD;;;PopPoly;;;
635;635;TODOBD;;;;;;
635;635;TODOBD;;;;;;
635;635;TODOBD;;;;;;
637;637;TODOBD;;;;;;
638;638;TODOBD;;;;;;
639;639;TODOBD;;;;;;
641;641;TODOBD;;;;;;
662;662;TODOBD;;;;;;
663;663;TODOBD;;;;;;
663;663;TODOBD;;;PopPoly;;;
707;707;TODOBD;Patogenico;Patogenico2;;;;
706;706;TODOBD;;;PopPoly;;;
706;706;TODOBD;;;;;;
739;739;TODOBD;;;;;;
739;739;TODOBD;;;;;;
762;762;TODOBD;;;;;;
760;760;TODOBD;;;;;;
769;769;TODOBD;Patogenico;Patogenico2;;;;
770;770;TODOBD;;;;;;
771;771;TODOBD;;;;;;
769;769;TODOBD;;;;;;
769;769;TODOBD;;;PopPoly;;;
798;798;TODOBD;;;;;;
823;823;TODOBD;;;;;;
824;824;TODOBD;;;;;;
825;825;TODOBD;;;;;;
825;825;TODOBD;;;;;;
823;823;TODOBD;;;PopPoly;;;
823;823;TODOBD;Patogenico;Patogenico2;PopPoly;;;
839;839;TODOBD;Patogenico;Patogenico2;;;;
848;848;TODOBD;;;PopPoly;;;
849;849;TODOBD;;;;;;
848;848;TODOBD;Patogenico;Patogenico2;;;;
917;917;TODOBD;;;;;;
927;927;TODOBD;;;;;;
175;175;TODOBD;Patogenico;Patogenico2;;;;
177;177;TODOBD;;;;;;
15;15;TODOBD;;;;;;
13;13;TODOBD;;;;;;
192;192;TODOBD;;;;;;
191;191;TODOBD;;;;;;
201;201;TODOBD;;;;;;
230;230;TODOBD;Patogenico;Patogenico2;;;;
229;229;TODOBD;;;;;;
237;237;TODOBD;;;;;;
237;237;TODOBD;;;;;;
237;237;TODOBD;;;PopPoly;;;
236;236;TODOBD;;;;;;
235;235;TODOBD;;;;;;
261;261;TODOBD;;;;;;
259;259;TODOBD;;;;;;
269;269;TODOBD;;;PopPoly;;;
268;268;TODOBD;;;;;;
282;282;TODOBD;;;;;;
280;280;TODOBD;;;;;;
351;351;TODOBD;Patogenico;Patogenico2;;;;
440;440;TODOBD;;;;;;
441;441;TODOBD;;;;;;
445;445;TODOBD;Patogenico;Patogenico2;;;;
447;447;TODOBD;;;;;;
446;446;TODOBD;;;;;;
447;447;TODOBD;;;;;;
475;475;TODOBD;;;;;;
477;477;TODOBD;;;;;;
476;476;TODOBD;;;;;;
480;480;TODOBD;;;;;;
479;479;TODOBD;Patogenico;Patogenico2;;;;
508;508;TODOBD;Patogenico;Patogenico2;;;;
510;510;TODOBD;;;;;;
509;509;TODOBD;Patogenico;Patogenico2;;;;
541;541;TODOBD;Patogenico;Patogenico2;;;;
543;543;TODOBD;Patogenico;Patogenico2;;;;
543;543;TODOBD;;;PopPoly;;;
559;559;TODOBD;Patogenico;Patogenico2;;;;
561;561;TODOBD;Patogenico;Patogenico2;;;;
561;561;TODOBD;;;;;;
586;586;TODOBD;;;;;;
592;592;TODOBD;Patogenico;Patogenico2;;;;
594;594;TODOBD;;;PopPoly;;;
598;598;TODOBD;;;;;;
64;64;TODOBD;;;;;;
64;64;TODOBD;Patogenico;Patogenico2;;;;
65;65;TODOBD;Patogenico;Patogenico2;;;;
65;65;TODOBD;Patogenico;Patogenico2;PopPoly;;;
71;71;TODOBD;;;;;;
910;910;TODOBD;;;;;;
321;321;TODOBD;;;;;;
395;395;TODOBD;;;;;;
394;394;TODOBD;;;;;;
401;401;TODOBD;;;;;;
400;400;TODOBD;;;;;;
406;406;TODOBD;;;;;;
407;407;TODOBD;;;;;;
408;408;TODOBD;;;;;;
410;410;TODOBD;;;;;;
410;410;TODOBD;;;PopPoly;;;
411;411;TODOBD;;;;;;
409;409;TODOBD;;;;;;
413;413;TODOBD;;;;;;
413;413;TODOBD;;;;;;
414;414;TODOBD;;;;;;
416;416;TODOBD;;;;;;
417;417;TODOBD;;;;;;
415;415;TODOBD;Patogenico;Patogenico2;;;;
424;424;TODOBD;Patogenico;Patogenico2;;;;
426;426;TODOBD;;;;;;
464;464;TODOBD;;;;;;
463;463;TODOBD;;;;;;
466;466;TODOBD;;;;;;
482;482;TODOBD;Patogenico;Patogenico2;;;;
504;504;TODOBD;;;;;;
565;565;TODOBD;Patogenico;Patogenico2;;;;
566;566;TODOBD;;Patogenico2;;;;
566;566;TODOBD;;;;;;
565;565;TODOBD;;;;;;
567;567;TODOBD;;;;;;
568;568;TODOBD;Patogenico;Patogenico2;;;;
569;569;TODOBD;Patogenico;Patogenico2;;;;
569;569;TODOBD;Patogenico;Patogenico2;;;;
585;585;TODOBD;;;;;;
583;583;TODOBD;;;;;;
590;590;TODOBD;;;;;;
590;590;TODOBD;;;;;;
589;589;TODOBD;;;;;;
646;646;TODOBD;Patogenico;Patogenico2;;;;
647;647;TODOBD;;;PopPoly;;;
650;650;TODOBD;;;;;;
651;651;TODOBD;;;;;;
673;673;TODOBD;;;;;;
73;73;TODOBD;;;PopPoly;Indefinido;;
74;74;TODOBD;;;;;;
75;75;TODOBD;;;;;;
965;965;TODOBD;;;;;;
965;965;TODOBD;Patogenico;Patogenico2;;;;
966;966;TODOBD;;;;;;
106;106;TODOBD;;;;;;
107;107;TODOBD;;;;;;
106;106;TODOBD;Patogenico;Patogenico2;;;;
210;210;TODOBD;;;;;;
223;223;TODOBD;;;;;;
224;224;TODOBD;;;;;;
225;225;TODOBD;;;;;;
283;283;TODOBD;;;;;;
284;284;TODOBD;;;;;;
283;283;TODOBD;;;;;;
438;438;TODOBD;;;;;;
438;438;TODOBD;;;;;;
436;436;TODOBD;;;;;;
437;437;TODOBD;Patogenico;Patogenico2;;;;
491;491;TODOBD;;Patogenico2;;;;
492;492;TODOBD;;;;;;
517;517;TODOBD;;;;;;
536;536;TODOBD;;;;;;
536;536;TODOBD;Patogenico;Patogenico2;;;;
537;537;TODOBD;;;;;;
701;701;TODOBD;;;PopPoly;;;
701;701;TODOBD;;;;;;
702;702;TODOBD;;;;;;
701;701;TODOBD;;;;;;
795;795;TODOBD;Patogenico;Patogenico2;;;;
805;805;TODOBD;;;;;;
807;807;TODOBD;;;;Indefinido;;
806;806;TODOBD;;;;;;
77;77;TODOBD;;;;;;
835;835;TODOBD;;;;;;
836;836;TODOBD;Patogenico;Patogenico2;;;;
835;835;TODOBD;Patogenico;Patogenico2;PopPoly;;;
913;913;TODOBD;Patogenico;Patogenico2;;;;
915;915;TODOBD;;;;;;
932;932;TODOBD;;;;;;
938;938;TODOBD;;;;;;
937;937;TODOBD;;;;;;
939;939;TODOBD;;;;;;
939;939;TODOBD;;;;;;
132;132;TODOBD;;;;;;
133;133;TODOBD;;;;;;
133;133;TODOBD;Patogenico;Patogenico2;;;;
10;10;TODOBD;;;;;;
11;11;TODOBD;;;;;;
232;232;TODOBD;;;;;;
251;251;TODOBD;;;;;;
252;252;TODOBD;;;;;;
293;293;TODOBD;;;PopPoly;;;
294;294;TODOBD;;;;;;
30;30;TODOBD;;;;;;
533;533;TODOBD;Patogenico;Patogenico2;;;;
534;534;TODOBD;;;;;;
538;538;TODOBD;Patogenico;Patogenico2;;;;
539;539;TODOBD;;;;;;
540;540;TODOBD;;;;;;
603;603;TODOBD;;;;;;
603;603;TODOBD;;;;;;
811;811;TODOBD;;;;;;
853;853;TODOBD;;;;;;
951;951;TODOBD;;;;;;
22;22;TODOBD;;;;;;
23;23;TODOBD;;;;;;
24;24;TODOBD;;;;;;
359;359;TODOBD;;;;;;
358;358;TODOBD;;;PopPoly;;;
358;358;TODOBD;;;;;;
427;427;TODOBD;;;;;;
429;429;TODOBD;;;;;;
448;448;TODOBD;Patogenico;Patogenico2;;;;
450;450;TODOBD;;;;;;
450;450;TODOBD;;;PopPoly;;;
520;520;TODOBD;;;PopPoly;;;
520;520;TODOBD;;;;;;
545;545;TODOBD;;;;;;
544;544;TODOBD;;;;;;
546;546;TODOBD;;;;;;
614;614;TODOBD;Patogenico;Patogenico2;;;;
613;613;TODOBD;;;;;;
615;615;TODOBD;;;;;;
727;727;TODOBD;;;;;;
729;729;TODOBD;;;;;;
877;877;TODOBD;;;;;;
889;889;TODOBD;;;;;;
891;891;TODOBD;;;;;;
891;891;TODOBD;;;;;;
907;907;TODOBD;;;;;;
943;943;TODOBD;Patogenico;Patogenico2;;;;
943;943;TODOBD;;;;;;
555;555;TODOBD;Patogenico;Patogenico2;;;;
554;554;TODOBD;Patogenico;Patogenico2;;;;
452;452;TODOBD;;;;;;
453;453;TODOBD;;;;;;
486;486;TODOBD;;;;;;
572;572;TODOBD;Patogenico;Patogenico2;;;;
711;711;TODOBD;;Patogenico2;;;;
709;709;TODOBD;Patogenico;Patogenico2;;;;
723;723;TODOBD;;Patogenico2;;;;
723;723;TODOBD;;;;;;
743;743;TODOBD;;;;;;
742;742;TODOBD;Patogenico;Patogenico2;;;;
744;744;TODOBD;;;;;;
749;749;TODOBD;;;;;;
758;758;TODOBD;;;PopPoly;;;
768;768;TODOBD;Patogenico;Patogenico2;;;;
768;768;TODOBD;;Patogenico2;;;;
766;766;TODOBD;;;;;;
777;777;TODOBD;Patogenico;Patogenico2;;;;
777;777;TODOBD;;Patogenico2;;;;
776;776;TODOBD;;;;;;
821;821;TODOBD;;;;;;
167;167;TODOBD;;;;;;
168;168;TODOBD;;;;;;
